{
  "Spain": 2209.469317215935,
  "Argentina": 2174.2760725140956,
  "France": 2116.1496379024643,
  "England": 2081.4301897360783,
  "Brazil": 2053.8972698963917,
  "Colombia": 2048.994059405053,
  "Portugal": 2033.827748376995,
  "Netherlands": 2011.7423508183908,
  "Ecuador": 2011.3026641347376,
  "Germany": 2010.7369976819127,
  "Japan": 1992.4963574129292,
  "Morocco": 1988.7160644414807,
  "Norway": 1973.8089295127777,
  "Croatia": 1966.2616327022765,
  "Turkey": 1964.8489881684468,
  "Uruguay": 1959.3789694800794,
  "Switzerland": 1955.5386565384695,
  "Mexico": 1948.9176714883345,
  "Belgium": 1947.8221218411256,
  "Italy": 1928.9605281584163,
  "Denmark": 1925.868538693474,
  "Senegal": 1907.6528961032573,
  "Paraguay": 1904.3871264264383,
  "Australia": 1896.4640255664654,
  "Iran": 1892.5951409551615,
  "Canada": 1891.68871347244,
  "Austria": 1889.1808525346705,
  "Nigeria": 1881.8171003046962,
  "South Korea": 1878.0846598375106,
  "Algeria": 1861.9598093636873,
  "Scotland": 1848.0944339789598,
  "United States": 1840.920011778242,
  "Russia": 1837.991284165397,
  "Ukraine": 1821.8129819848384,
  "Uzbekistan": 1821.1873713877346,
  "Panama": 1821.1853415407156,
  "Ivory Coast": 1818.8071752564533,
  "Basque Country": 1808.938604239468,
  "Czechia": 1805.0469890762067,
  "Egypt": 1804.7078878615778,
  "Jersey": 1803.558209667059,
  "Greece": 1802.1820448579401,
  "Serbia": 1801.0660620229496,
  "Venezuela": 1799.1361564430695,
  "Chile": 1782.9975495508156,
  "Poland": 1777.3095119227542,
  "Sweden": 1775.316749363585,
  "Kosovo": 1775.0192427744403,
  "Jordan": 1769.5662824706146,
  "Hungary": 1768.9324869768209,
  "Ireland": 1766.1733147073232,
  "DR Congo": 1765.5631472584062,
  "Peru": 1760.4796113052598,
  "Wales": 1748.3036890798205,
  "Iraq": 1747.8934851988183,
  "Guernsey": 1745.090090142175,
  "Tunisia": 1737.042687983954,
  "Slovenia": 1736.2021668078673,
  "Costa Rica": 1732.079387164907,
  "Slovakia": 1726.2182783003323,
  "Cameroon": 1723.8813235185364,
  "New Zealand": 1720.060920393785,
  "Bolivia": 1718.7603792138457,
  "German DR": 1717.1865822678612,
  "Georgia": 1714.155647454591,
  "Isle of Man": 1705.9476008856627,
  "Romania": 1698.6837716366465,
  "Mali": 1696.749863337526,
  "Northern Cyprus": 1693.9786572121052,
  "Saudi Arabia": 1693.7578745493086,
  "Israel": 1693.1515846641098,
  "Haiti": 1690.0601159887806,
  "Occitania": 1687.7134313574882,
  "Padania": 1685.4838826520754,
  "Honduras": 1684.6497283305043,
  "Albania": 1675.1882738239203,
  "Catalonia": 1673.0136359097933,
  "United Arab Emirates": 1669.5429435024585,
  "Northern Ireland": 1665.1507540700582,
  "Bosnia and Herzegovina": 1663.565376458217,
  "South Africa": 1663.3656788926153,
  "Isle of Wight": 1663.2178724788664,
  "Cape Verde": 1658.8172221285147,
  "Jamaica": 1653.8247798497216,
  "Iraqi Kurdistan": 1647.8606745686468,
  "North Macedonia": 1643.7854907147123,
  "Burkina Faso": 1643.0105198752065,
  "Ynys M\u00f4n": 1642.7712230063776,
  "Ghana": 1633.726403641527,
  "Abkhazia": 1631.4436388810966,
  "Guatemala": 1629.8540549027582,
  "Iceland": 1624.2605782978144,
  "K\u00e1rp\u00e1talja": 1607.0509376260243,
  "Andalusia": 1601.6931320518013,
  "Curacao": 1600.261168618387,
  "Finland": 1599.6982215613853,
  "Kernow": 1598.3101241688512,
  "New Caledonia": 1594.3527542175648,
  "Rhodes": 1593.9841619396952,
  "County of Nice": 1590.1474330183487,
  "Suriname": 1583.6186057569157,
  "R\u00e9union": 1582.5075739337822,
  "Panjab": 1581.3897261673417,
  "Syria": 1581.1375515775153,
  "Oman": 1580.445665511061,
  "Qatar": 1579.8375337436446,
  "Tamil Eelam": 1577.9768186088172,
  "Belarus": 1577.1438267416484,
  "Palestine": 1576.8204597676133,
  "Angola": 1576.438105098886,
  "Ellan Vannin": 1569.4160889744196,
  "Kurdistan": 1565.780124560269,
  "Menorca": 1565.0184271148992,
  "Artsakh": 1564.2778978857814,
  "Corsica": 1562.4416972756096,
  "Guinea": 1560.9936743555193,
  "China": 1560.10134185253,
  "Yorkshire": 1556.862637151383,
  "Chameria": 1550.095025287021,
  "Benin": 1547.3136130961896,
  "Arameans Suryoye": 1545.4635945405764,
  "Cascadia": 1545.0427682320699,
  "Quebec": 1543.5954178990644,
  "Thailand": 1543.018765466499,
  "Bulgaria": 1542.246785705203,
  "Bahrain": 1540.8071922001054,
  "Libya": 1538.1649630799284,
  "Zanzibar": 1534.1063783002012,
  "Zambia": 1534.1000984987681,
  "Galicia": 1532.9284507118573,
  "Trinidad and Tobago": 1530.6432691510156,
  "Maule Sur": 1528.345836909456,
  "Gambia": 1524.200107523731,
  "Gabon": 1523.778174777625,
  "Guadeloupe": 1523.3731769058827,
  "Montenegro": 1522.8996587412867,
  "Canary Islands": 1519.6444731299907,
  "Asturias": 1519.1741326306253,
  "Western Armenia": 1517.0409565873597,
  "Parishes of Jersey": 1515.5742169340529,
  "Surrey": 1514.9986799112755,
  "Biafra": 1514.7534342836425,
  "Silesia": 1513.9978738308873,
  "Madagascar": 1513.8542155923465,
  "Donetsk PR": 1510.8519591548118,
  "Kazakhstan": 1509.8492031035285,
  "Tahiti": 1508.5094472744383,
  "Mapuche": 1508.4707999873015,
  "Indonesia": 1508.3146844598139,
  "Elba Island": 1508.0034923419576,
  "Brittany": 1507.388195239643,
  "Uganda": 1506.1513311895665,
  "Felvid\u00e9k": 1505.663027553646,
  "United Koreans in Japan": 1502.2245293751403,
  "Shetland": 1501.841942254306,
  "Crimea": 1500.765994256207,
  "D\u00e9lvid\u00e9k": 1500.3927108236396,
  "Nicaragua": 1498.6907454555098,
  "Saugeais": 1495.4518128158988,
  "Central Spain": 1494.7149754763902,
  "El Salvador": 1493.8133028716547,
  "Mozambique": 1491.3189989014595,
  "Madrid": 1490.789364171403,
  "S\u00e1pmi": 1489.9548826159635,
  "Cilento": 1489.490088460409,
  "Sz\u00e9kely Land": 1488.7391938512733,
  "Republic of St. Pauli": 1487.459851566537,
  "Seborga": 1487.266491769131,
  "Luhansk PR": 1486.4685946260274,
  "Malaysia": 1486.0335848338402,
  "North Vietnam": 1485.6246982605223,
  "Vietnam": 1484.0610664985431,
  "North Korea": 1484.0549499759165,
  "Yoruba Nation": 1483.5290954108666,
  "Matabeleland": 1482.583738854001,
  "Niger": 1481.9159373454972,
  "Guyana": 1481.510918238342,
  "Sealand": 1480.284193268072,
  "Martinique": 1479.595932241607,
  "Kuwait": 1476.9801374246658,
  "Somaliland": 1476.7745682865668,
  "Dominican Republic": 1475.333941576049,
  "Gozo": 1475.2505278908882,
  "Sierra Leone": 1475.1621255564753,
  "Franconia": 1474.8882375003886,
  "\u00c5land Islands": 1474.6959326339672,
  "Ry\u016bky\u016b": 1474.4922840663335,
  "West Papua": 1474.3336088761653,
  "South Ossetia": 1474.0860599314033,
  "Togo": 1474.0844353440166,
  "Kenya": 1468.295365053753,
  "South Yemen": 1468.293281617759,
  "Luxembourg": 1467.1780641385253,
  "Provence": 1464.9843635915825,
  "Comoros": 1464.1502641856243,
  "Aymara": 1463.1833631032425,
  "Greenland": 1462.7264886153037,
  "East Turkestan": 1462.4145301507276,
  "Romani people": 1460.645610242341,
  "Zimbabwe": 1459.4163204475951,
  "Kyrgyzstan": 1459.292932277883,
  "Sudan": 1459.2708102284532,
  "Hmong": 1459.151316163628,
  "Rwanda": 1457.8491204416823,
  "Kabylia": 1455.5630004656252,
  "Papua New Guinea": 1453.811464954456,
  "Mayotte": 1453.2664373222656,
  "Gotland": 1452.0339715127236,
  "Saarland": 1451.6101568846389,
  "Equatorial Guinea": 1449.6336324717781,
  "Chechnya": 1448.334507225142,
  "Mauritania": 1444.270863106301,
  "Monaco": 1441.032198656285,
  "Armenia": 1440.0393050025018,
  "Vanuatu": 1439.7814425469999,
  "Tajikistan": 1439.5506436156961,
  "French Guiana": 1439.3409455421536,
  "Faroe Islands": 1438.5752402310363,
  "Lebanon": 1438.3013597031297,
  "Malawi": 1435.664967887945,
  "Western Isles": 1432.2265293090202,
  "Manchukuo": 1432.2001935765586,
  "G\u0103g\u0103uzia": 1429.4590821870177,
  "Estonia": 1428.7060869416578,
  "Niue": 1426.8988613839545,
  "Ticino": 1426.4677077473837,
  "Liberia": 1425.063529854356,
  "Palau": 1423.0388078753294,
  "Saint Barth\u00e9lemy": 1420.9124818479347,
  "Cuba": 1419.9146176068025,