{
  "elo_only_logistic": {
    "log_loss": 0.9077886799186956,
    "brier": 0.5350324761902275,
    "accuracy": 0.5959909072122339
  },
  "goal_model_full": {
    "log_loss": 0.868560860060636,
    "brier": 0.5106435585560448,
    "accuracy": 0.6026038437693738
  },
  "lift": {
    "log_loss_lift_goal_over_elo": 0.039227819858059565,
    "brier_lift_goal_over_elo": 0.024388917634182716
  },
  "note": "Note: venue/squad-value effects apply at simulation time (as Elo bumps), not at model training time. See sensitivity.json for impact of those Elo bumps on tournament outcomes."
}