{
  "generated_at": "2026-06-11T21:53:47.196039+00:00",
  "min_pp_threshold": 0.5,
  "top_movers_up": [
    {
      "team": "Spain",
      "static": 0.24131999999999998,
      "live": 0.24911111111111114,
      "delta_pp": 0.7791111111111165
    },
    {
      "team": "Mexico",
      "static": 0.014360000000000001,
      "live": 0.020888888888888887,
      "delta_pp": 0.6528888888888886
    }
  ],
  "top_movers_down": [],
  "all_movers": [
    {
      "team": "Spain",
      "static": 0.24131999999999998,
      "live": 0.24911111111111114,
      "delta_pp": 0.7791111111111165
    },
    {
      "team": "Mexico",
      "static": 0.014360000000000001,
      "live": 0.020888888888888887,
      "delta_pp": 0.6528888888888886
    }
  ]
}