{
  "accuracy": 0.5995040297582145,
  "log_loss": 0.8833541870117188,
  "n_train": 27421,
  "n_test": 4839,
  "feature_importances": {
    "elo_diff": 0.45528414845466614,
    "is_neutral": 0.13696643710136414,
    "importance": 0.05344216898083687,
    "form_gd_home": 0.05157847702503204,
    "form_gd_away": 0.04878012090921402,
    "elo_away": 0.04581383988261223,
    "form_pts_away": 0.042878273874521255,
    "elo_home": 0.042551469057798386,
    "rest_home": 0.042278699576854706,
    "rest_away": 0.04200098291039467,
    "form_pts_home": 0.03842534124851227
  }
}