{
  "home_poisson_deviance": 1.1848004415056415,
  "away_poisson_deviance": 1.132663033581845,
  "implied_wdl_log_loss": 0.8682611702927933,
  "n_train": 27421,
  "n_test": 4839,
  "feature_importances_home": {
    "elo_diff": 0.4952443540096283,
    "def_form_away": 0.17901112139225006,
    "pts_form_away": 0.04168134182691574,
    "is_neutral": 0.04062021151185036,
    "importance": 0.035876717418432236,
    "elo_away": 0.032631438225507736,
    "att_form_home": 0.02936961129307747,
    "att_form_away": 0.027782896533608437,
    "rest_away": 0.026561813428997993,
    "def_form_home": 0.025541849434375763,
    "elo_home": 0.02449977584183216,
    "pts_form_home": 0.022028081119060516,
    "rest_home": 0.01915074698626995
  },
  "feature_importances_away": {
    "elo_diff": 0.42825645208358765,
    "def_form_home": 0.16397331655025482,
    "is_neutral": 0.11488358676433563,
    "importance": 0.04249551519751549,
    "att_form_away": 0.03264526277780533,
    "pts_form_home": 0.032146986573934555,
    "rest_home": 0.030064856633543968,
    "att_form_home": 0.02943105809390545,
    "elo_away": 0.028418874368071556,
    "pts_form_away": 0.026601046323776245,
    "def_form_away": 0.024328181520104408,
    "elo_home": 0.023874396458268166,
    "rest_away": 0.02288053184747696
  },
  "model_type": "Dixon-Coles-style XGBoost Poisson regressors (independent)"
}