{
  "home_poisson_deviance": 1.184950876828855,
  "away_poisson_deviance": 1.133942778227286,
  "implied_wdl_log_loss": 0.8686395794458746,
  "n_train": 27421,
  "n_test": 4839,
  "feature_importances_home": {
    "elo_diff": 0.4819656014442444,
    "def_form_away": 0.1750299632549286,
    "is_neutral": 0.042227569967508316,
    "pts_form_away": 0.041961655020713806,
    "importance": 0.04119991138577461,
    "elo_away": 0.034777283668518066,
    "att_form_home": 0.03148169443011284,
    "att_form_away": 0.02953517809510231,
    "def_form_home": 0.02690916508436203,
    "rest_away": 0.026791753247380257,
    "elo_home": 0.025959182530641556,
    "pts_form_home": 0.0232393741607666,
    "rest_home": 0.018921619281172752
  },
  "feature_importances_away": {
    "elo_diff": 0.43222910165786743,
    "def_form_home": 0.16389130055904388,
    "is_neutral": 0.11406248062849045,
    "importance": 0.04312030225992203,
    "att_form_away": 0.032252613455057144,
    "pts_form_home": 0.03198452293872833,
    "rest_home": 0.030186377465724945,
    "att_form_home": 0.028814947232604027,
    "elo_away": 0.028365563601255417,
    "pts_form_away": 0.02668141759932041,
    "def_form_away": 0.02415226399898529,
    "elo_home": 0.022422494366765022,
    "rest_away": 0.021836673840880394
  },
  "model_type": "Dixon-Coles-style XGBoost Poisson regressors (independent)"
}